<?xml version="1.0" encoding="UTF-8" ?>
<!DOCTYPE mapper PUBLIC "-//mybatis.org//DTD Mapper 3.0//EN" "http://mybatis.org/dtd/mybatis-3-mapper.dtd" >
<mapper namespace="com.yjxxt.crm.dao.KcCarMapper" >
    <resultMap id="BaseResultMap" type="com.yjxxt.crm.vo.KcCar" >
        <id column="id" property="id" jdbcType="INTEGER" />
        <result column="name" property="name" jdbcType="VARCHAR" />
        <result column="number" property="number" jdbcType="INTEGER" />
        <result column="is_valid" property="isValid" jdbcType="INTEGER" />
        <result column="create_date" property="createDate" jdbcType="TIMESTAMP" />
        <result column="update_date" property="updateDate" jdbcType="TIMESTAMP" />
        <result column="state" property="state" jdbcType="INTEGER" />
    </resultMap>
    <sql id="Base_Column_List" >
        id, name, number, is_valid, create_date, update_date, state
    </sql>
    <select id="selectByPrimaryKey" resultMap="BaseResultMap" parameterType="java.lang.Integer" >
        select
        <include refid="Base_Column_List" />
        from t_kc_car
        where id = #{id,jdbcType=INTEGER}
    </select>
    <delete id="deleteByPrimaryKey" parameterType="java.lang.Integer" >
        delete from t_kc_car
        where id = #{id,jdbcType=INTEGER}
    </delete>
    <insert id="insert" parameterType="com.yjxxt.crm.vo.KcCar" >
        insert into t_kc_car (id, name, number,
                              is_valid, create_date, update_date,
                              state)
        values (#{id,jdbcType=INTEGER}, #{name,jdbcType=VARCHAR}, #{number,jdbcType=INTEGER},
                #{isValid,jdbcType=INTEGER}, #{createDate,jdbcType=TIMESTAMP}, #{updateDate,jdbcType=TIMESTAMP},
                #{state,jdbcType=INTEGER})
    </insert>
    <insert id="insertSelective" parameterType="com.yjxxt.crm.vo.KcCar" >
        insert into t_kc_car
        <trim prefix="(" suffix=")" suffixOverrides="," >
            <if test="id != null" >
                id,
            </if>
            <if test="name != null" >
                name,
            </if>
            <if test="number != null" >
                number,
            </if>
            <if test="isValid != null" >
                is_valid,
            </if>
            <if test="createDate != null" >
                create_date,
            </if>
            <if test="updateDate != null" >
                update_date,
            </if>
            <if test="state != null" >
                state,
            </if>
        </trim>
        <trim prefix="values (" suffix=")" suffixOverrides="," >
            <if test="id != null" >
                #{id,jdbcType=INTEGER},
            </if>
            <if test="name != null" >
                #{name,jdbcType=VARCHAR},
            </if>
            <if test="number != null" >
                #{number,jdbcType=INTEGER},
            </if>
            <if test="isValid != null" >
                #{isValid,jdbcType=INTEGER},
            </if>
            <if test="createDate != null" >
                #{createDate,jdbcType=TIMESTAMP},
            </if>
            <if test="updateDate != null" >
                #{updateDate,jdbcType=TIMESTAMP},
            </if>
            <if test="state != null" >
                #{state,jdbcType=INTEGER},
            </if>
        </trim>
    </insert>
    <update id="updateByPrimaryKeySelective" parameterType="com.yjxxt.crm.vo.KcCar" >
        update t_kc_car
        <set >
            <if test="name != null" >
                name = #{name,jdbcType=VARCHAR},
            </if>
            <if test="number != null" >
                number = #{number,jdbcType=INTEGER},
            </if>
            <if test="isValid != null" >
                is_valid = #{isValid,jdbcType=INTEGER},
            </if>
            <if test="createDate != null" >
                create_date = #{createDate,jdbcType=TIMESTAMP},
            </if>
            <if test="updateDate != null" >
                update_date = #{updateDate,jdbcType=TIMESTAMP},
            </if>
            <if test="state != null" >
                state = #{state,jdbcType=INTEGER},
            </if>
        </set>
        where id = #{id,jdbcType=INTEGER}
    </update>
    <update id="updateByPrimaryKey" parameterType="com.yjxxt.crm.vo.KcCar" >
        update t_kc_car
        set name = #{name,jdbcType=VARCHAR},
            number = #{number,jdbcType=INTEGER},
            is_valid = #{isValid,jdbcType=INTEGER},
            create_date = #{createDate,jdbcType=TIMESTAMP},
            update_date = #{updateDate,jdbcType=TIMESTAMP},
            state = #{state,jdbcType=INTEGER}
        where id = #{id,jdbcType=INTEGER}
    </update>
    <!--多条件分页查询数据-->
    <select id="queryByParams" parameterType="com.yjxxt.crm.query.KcCarQuery" resultType="KcCar">
        select
        *
        from
        t_kc_car sc
        <where>
            sc.is_valid = 1
            <if test="name != null and name != ''">
                and  name like concat("%",#{name},"%")
            </if>
        </where>
    </select>
    <!-- （批量）删除操作 -->
    <update id="deleteBatch">
        update
        t_kc_car
        set
        is_valid = 0
        where
        id
        in
        <foreach collection="array" item="id" open="(" close=")" separator=",">
            #{id}
        </foreach>
    </update>
</mapper>