<?xml version="1.0" encoding="UTF-8" ?>
<!DOCTYPE mapper PUBLIC "-//mybatis.org//DTD Mapper 3.0//EN" "http://mybatis.org/dtd/mybatis-3-mapper.dtd" >
<mapper namespace="com.yjxxt.crm.dao.PermissionMapper" >
  <resultMap id="BaseResultMap" type="com.yjxxt.crm.vo.Permission" >
    <id column="id" property="id" jdbcType="INTEGER" />
    <result column="role_id" property="roleId" jdbcType="INTEGER" />
    <result column="module_id" property="moduleId" jdbcType="INTEGER" />
    <result column="acl_value" property="aclValue" jdbcType="VARCHAR" />
    <result column="create_date" property="createDate" jdbcType="TIMESTAMP" />
    <result column="update_date" property="updateDate" jdbcType="TIMESTAMP" />
  </resultMap>
  <sql id="Base_Column_List" >
    id, role_id, module_id, acl_value, create_date, update_date
  </sql>
  <select id="selectByPrimaryKey" resultMap="BaseResultMap" parameterType="java.lang.Integer" >
    select 
    <include refid="Base_Column_List" />
    from t_permission
    where id = #{id,jdbcType=INTEGER}
  </select>
  <delete id="deleteByPrimaryKey" parameterType="java.lang.Integer" >
    delete from t_permission
    where id = #{id,jdbcType=INTEGER}
  </delete>
  <insert id="insert" parameterType="com.yjxxt.crm.vo.Permission" >
    insert into t_permission (id, role_id, module_id, 
      acl_value, create_date, update_date
      )
    values (#{id,jdbcType=INTEGER}, #{roleId,jdbcType=INTEGER}, #{moduleId,jdbcType=INTEGER}, 
      #{aclValue,jdbcType=VARCHAR}, #{createDate,jdbcType=TIMESTAMP}, #{updateDate,jdbcType=TIMESTAMP}
      )
  </insert>
  <insert id="insertSelective" parameterType="com.yjxxt.crm.vo.Permission" >
    insert into t_permission
    <trim prefix="(" suffix=")" suffixOverrides="," >
      <if test="id != null" >
        id,
      </if>
      <if test="roleId != null" >
        role_id,
      </if>
      <if test="moduleId != null" >
        module_id,
      </if>
      <if test="aclValue != null" >
        acl_value,
      </if>
      <if test="createDate != null" >
        create_date,
      </if>
      <if test="updateDate != null" >
        update_date,
      </if>
    </trim>
    <trim prefix="values (" suffix=")" suffixOverrides="," >
      <if test="id != null" >
        #{id,jdbcType=INTEGER},
      </if>
      <if test="roleId != null" >
        #{roleId,jdbcType=INTEGER},
      </if>
      <if test="moduleId != null" >
        #{moduleId,jdbcType=INTEGER},
      </if>
      <if test="aclValue != null" >
        #{aclValue,jdbcType=VARCHAR},
      </if>
      <if test="createDate != null" >
        #{createDate,jdbcType=TIMESTAMP},
      </if>
      <if test="updateDate != null" >
        #{updateDate,jdbcType=TIMESTAMP},
      </if>
    </trim>
  </insert>
  <update id="updateByPrimaryKeySelective" parameterType="com.yjxxt.crm.vo.Permission" >
    update t_permission
    <set >
      <if test="roleId != null" >
        role_id = #{roleId,jdbcType=INTEGER},
      </if>
      <if test="moduleId != null" >
        module_id = #{moduleId,jdbcType=INTEGER},
      </if>
      <if test="aclValue != null" >
        acl_value = #{aclValue,jdbcType=VARCHAR},
      </if>
      <if test="createDate != null" >
        create_date = #{createDate,jdbcType=TIMESTAMP},
      </if>
      <if test="updateDate != null" >
        update_date = #{updateDate,jdbcType=TIMESTAMP},
      </if>
    </set>
    where id = #{id,jdbcType=INTEGER}
  </update>
  <update id="updateByPrimaryKey" parameterType="com.yjxxt.crm.vo.Permission" >
    update t_permission
    set role_id = #{roleId,jdbcType=INTEGER},
      module_id = #{moduleId,jdbcType=INTEGER},
      acl_value = #{aclValue,jdbcType=VARCHAR},
      create_date = #{createDate,jdbcType=TIMESTAMP},
      update_date = #{updateDate,jdbcType=TIMESTAMP}
    where id = #{id,jdbcType=INTEGER}
  </update>
  <!--批量添加-->
  <insert id="insertBatch" parameterType="permission">
    insert into t_permission
    (role_id, module_id, acl_value, create_date, update_date)
    values
    <foreach collection="list" item="per" separator=",">
      (#{per.roleId},#{per.moduleId},#{per.aclValue},#{per.createDate},#{per.updateDate})
    </foreach>
  </insert>

  <!--  //判断当前角色原来是否有资源-->
  <select id="countPermission" parameterType="int" resultType="int">
    select count(1) from t_permission where role_id = #{roleId}
  </select>


  <!--  将原有的资源全部删除-->
  <delete id="deletePermissionByRoleId" parameterType="int">
    delete from t_permission where role_id = #{roleId}
  </delete>

  <!--  // 查询当前角色拥有的权限-->
  <select id="selectPermissionByRid" parameterType="int" resultType="int">
    select module_id  from t_permission where role_id = #{rId}
  </select>
  <!--  //根据登录用户的id查询对应的权限-->
  <select id="selectAclvalueByUserId" parameterType="int" resultType="int">
    SELECT
      DISTINCT acl_value
    FROM
      t_permission p
        LEFT JOIN t_user_role AS ur ON p.role_id = ur.role_id
    WHERE
      ur.user_id = #{id}
  </select>

  <select id="queryCountByMoudleId" parameterType="int" resultType="int">
    select count(1) from t_permission where module_id = #{mId}
  </select>

  <delete id="deletePermissionByMoudleId"  parameterType="int">
    delete from t_permission where module_id = #{mId}
  </delete>
</mapper>
