<?xml version="1.0" encoding="UTF-8" ?>
<!DOCTYPE mapper PUBLIC "-//mybatis.org//DTD Mapper 3.0//EN" "http://mybatis.org/dtd/mybatis-3-mapper.dtd" >
<mapper namespace="com.yjxxt.crm.dao.ProducePlaneMapper" >
  <resultMap id="BaseResultMap" type="com.yjxxt.crm.vo.ProducePlane" >
    <id column="id" property="id" jdbcType="INTEGER" />
    <result column="car_type" property="carType" jdbcType="VARCHAR" />
    <result column="overview" property="overview" jdbcType="VARCHAR" />
    <result column="create_man" property="createMan" jdbcType="VARCHAR" />
    <result column="state" property="state" jdbcType="INTEGER" />
    <result column="is_valid" property="isValid" jdbcType="INTEGER" />
    <result column="create_date" property="createDate" jdbcType="TIMESTAMP" />
    <result column="update_date" property="updateDate" jdbcType="TIMESTAMP" />
  </resultMap>
  <sql id="Base_Column_List" >
    id, car_type, overview, create_man, state, is_valid, create_date, update_date
  </sql>
  <select id="selectByPrimaryKey" resultMap="BaseResultMap" parameterType="java.lang.Integer" >
    select 
    <include refid="Base_Column_List" />
    from t_produce_plan
    where id = #{id,jdbcType=INTEGER}
  </select>
  <delete id="deleteByPrimaryKey" parameterType="java.lang.Integer" >
    delete from t_produce_plan
    where id = #{id,jdbcType=INTEGER}
  </delete>
  <insert id="insert" parameterType="com.yjxxt.crm.vo.ProducePlane" >
    insert into t_produce_plan (id, car_type, overview, 
      create_man, state, is_valid, 
      create_date, update_date)
    values (#{id,jdbcType=INTEGER}, #{carType,jdbcType=VARCHAR}, #{overview,jdbcType=VARCHAR}, 
      #{createMan,jdbcType=VARCHAR}, #{state,jdbcType=INTEGER}, #{isValid,jdbcType=INTEGER}, 
      #{createDate,jdbcType=TIMESTAMP}, #{updateDate,jdbcType=TIMESTAMP})
  </insert>
  <insert id="insertSelective" parameterType="com.yjxxt.crm.vo.ProducePlane" >
    insert into t_produce_plan
    <trim prefix="(" suffix=")" suffixOverrides="," >
      <if test="id != null" >
        id,
      </if>
      <if test="carType != null" >
        car_type,
      </if>
      <if test="overview != null" >
        overview,
      </if>
      <if test="createMan != null" >
        create_man,
      </if>
      <if test="state != null" >
        state,
      </if>
      <if test="isValid != null" >
        is_valid,
      </if>
      <if test="createDate != null" >
        create_date,
      </if>
      <if test="updateDate != null" >
        update_date,
      </if>
    </trim>
    <trim prefix="values (" suffix=")" suffixOverrides="," >
      <if test="id != null" >
        #{id,jdbcType=INTEGER},
      </if>
      <if test="carType != null" >
        #{carType,jdbcType=VARCHAR},
      </if>
      <if test="overview != null" >
        #{overview,jdbcType=VARCHAR},
      </if>
      <if test="createMan != null" >
        #{createMan,jdbcType=VARCHAR},
      </if>
      <if test="state != null" >
        #{state,jdbcType=INTEGER},
      </if>
      <if test="isValid != null" >
        #{isValid,jdbcType=INTEGER},
      </if>
      <if test="createDate != null" >
        #{createDate,jdbcType=TIMESTAMP},
      </if>
      <if test="updateDate != null" >
        #{updateDate,jdbcType=TIMESTAMP},
      </if>
    </trim>
  </insert>
  <update id="updateByPrimaryKeySelective" parameterType="com.yjxxt.crm.vo.ProducePlane" >
    update t_produce_plan
    <set >
      <if test="carType != null" >
        car_type = #{carType,jdbcType=VARCHAR},
      </if>
      <if test="overview != null" >
        overview = #{overview,jdbcType=VARCHAR},
      </if>
      <if test="createMan != null" >
        create_man = #{createMan,jdbcType=VARCHAR},
      </if>
      <if test="state != null" >
        state = #{state,jdbcType=INTEGER},
      </if>
      <if test="isValid != null" >
        is_valid = #{isValid,jdbcType=INTEGER},
      </if>
      <if test="createDate != null" >
        create_date = #{createDate,jdbcType=TIMESTAMP},
      </if>
      <if test="updateDate != null" >
        update_date = #{updateDate,jdbcType=TIMESTAMP},
      </if>
    </set>
    where id = #{id,jdbcType=INTEGER}
  </update>
  <update id="updateByPrimaryKey" parameterType="com.yjxxt.crm.vo.ProducePlane" >
    update t_produce_plan
    set car_type = #{carType,jdbcType=VARCHAR},
      overview = #{overview,jdbcType=VARCHAR},
      create_man = #{createMan,jdbcType=VARCHAR},
      state = #{state,jdbcType=INTEGER},
      is_valid = #{isValid,jdbcType=INTEGER},
      create_date = #{createDate,jdbcType=TIMESTAMP},
      update_date = #{updateDate,jdbcType=TIMESTAMP}
    where id = #{id,jdbcType=INTEGER}
  </update>

  <!--多条件查询-->
  <select id="queryByParams" parameterType="com.yjxxt.crm.query.ProducePlanQuery" resultType="com.yjxxt.crm.vo.ProducePlane">
    select
    *
    from
    t_produce_plan
    <where>
      is_valid = 1
      <if test="carType != null and carType != ''">
        and  car_type like concat("%",#{carType},"%")
      </if>
      <if test="createMan != null and createMan != ''">
        and  create_man = #{createMan}
      </if>
      <if test="state != null and state != ''">
        and  state = #{state}
      </if>
    </where>
  </select>


  <!-- 批量删除 (更新操作,更改is_valid的值) -->
  <update id="deleteBatch">
    update
    t_produce_plan
    set
    is_valid = 0
    where
    id
    in
    <foreach collection="array" separator="," open="(" close=")" item="id">
      #{id}
    </foreach>
  </update>

  <!-- 更新生产状态 -->
  <update id="updateBatch">
    update
    t_produce_plan
    set
    state = 2
    where
    id
    in
    <foreach collection="array" separator="," open="(" close=")" item="id">
      #{id}
    </foreach>
  </update>
</mapper>