<?xml version="1.0" encoding="UTF-8" ?>
<!DOCTYPE mapper PUBLIC "-//mybatis.org//DTD Mapper 3.0//EN" "http://mybatis.org/dtd/mybatis-3-mapper.dtd" >
<mapper namespace="com.yjxxt.crm.dao.RoleMapper" >
  <resultMap id="BaseResultMap" type="com.yjxxt.crm.vo.Role" >
    <id column="id" property="id" jdbcType="INTEGER" />
    <result column="role_name" property="roleName" jdbcType="VARCHAR" />
    <result column="role_remark" property="roleRemark" jdbcType="VARCHAR" />
    <result column="create_date" property="createDate" jdbcType="TIMESTAMP" />
    <result column="update_date" property="updateDate" jdbcType="TIMESTAMP" />
    <result column="is_valid" property="isValid" jdbcType="INTEGER" />
  </resultMap>
  <sql id="Base_Column_List" >
    id, role_name, role_remark, create_date, update_date, is_valid
  </sql>
  <select id="selectByPrimaryKey" resultMap="BaseResultMap" parameterType="java.lang.Integer" >
    select
    <include refid="Base_Column_List" />
    from t_role
    where id = #{id,jdbcType=INTEGER}
  </select>
  <delete id="deleteByPrimaryKey" parameterType="java.lang.Integer" >
    delete from t_role
    where id = #{id,jdbcType=INTEGER}
  </delete>
  <insert id="insert" parameterType="com.yjxxt.crm.vo.Role" >
    insert into t_role (id, role_name, role_remark,
                        create_date, update_date, is_valid
    )
    values (#{id,jdbcType=INTEGER}, #{roleName,jdbcType=VARCHAR}, #{roleRemark,jdbcType=VARCHAR},
            #{createDate,jdbcType=TIMESTAMP}, #{updateDate,jdbcType=TIMESTAMP}, #{isValid,jdbcType=INTEGER}
           )
  </insert>
  <insert id="insertSelective" parameterType="com.yjxxt.crm.vo.Role" >
    insert into t_role
    <trim prefix="(" suffix=")" suffixOverrides="," >
      <if test="id != null" >
        id,
      </if>
      <if test="roleName != null" >
        role_name,
      </if>
      <if test="roleRemark != null" >
        role_remark,
      </if>
      <if test="createDate != null" >
        create_date,
      </if>
      <if test="updateDate != null" >
        update_date,
      </if>
      <if test="isValid != null" >
        is_valid,
      </if>
    </trim>
    <trim prefix="values (" suffix=")" suffixOverrides="," >
      <if test="id != null" >
        #{id,jdbcType=INTEGER},
      </if>
      <if test="roleName != null" >
        #{roleName,jdbcType=VARCHAR},
      </if>
      <if test="roleRemark != null" >
        #{roleRemark,jdbcType=VARCHAR},
      </if>
      <if test="createDate != null" >
        #{createDate,jdbcType=TIMESTAMP},
      </if>
      <if test="updateDate != null" >
        #{updateDate,jdbcType=TIMESTAMP},
      </if>
      <if test="isValid != null" >
        #{isValid,jdbcType=INTEGER},
      </if>
    </trim>
  </insert>
  <update id="updateByPrimaryKeySelective" parameterType="com.yjxxt.crm.vo.Role" >
    update t_role
    <set >
      <if test="roleName != null" >
        role_name = #{roleName,jdbcType=VARCHAR},
      </if>
      <if test="roleRemark != null" >
        role_remark = #{roleRemark,jdbcType=VARCHAR},
      </if>
      <if test="createDate != null" >
        create_date = #{createDate,jdbcType=TIMESTAMP},
      </if>
      <if test="updateDate != null" >
        update_date = #{updateDate,jdbcType=TIMESTAMP},
      </if>
      <if test="isValid != null" >
        is_valid = #{isValid,jdbcType=INTEGER},
      </if>
    </set>
    where id = #{id,jdbcType=INTEGER}
  </update>
  <update id="updateByPrimaryKey" parameterType="com.yjxxt.crm.vo.Role" >
    update t_role
    set role_name = #{roleName,jdbcType=VARCHAR},
        role_remark = #{roleRemark,jdbcType=VARCHAR},
        create_date = #{createDate,jdbcType=TIMESTAMP},
        update_date = #{updateDate,jdbcType=TIMESTAMP},
        is_valid = #{isValid,jdbcType=INTEGER}
    where id = #{id,jdbcType=INTEGER}
  </update>

  <!--查询对应的角色名称和id反馈给前台使用-->
  <select id="queryAllRoles" resultType="map" parameterType="int">
    SELECT
      r.role_name rname,r.id,temp.selected
    from
      t_role r
        left JOIN(
        SELECT
          r.role_name name,r.id,'selected' selected
        from
          t_user_role ur
            LEFT join
          t_role r
          on r.id = ur.role_id
        WHERE
          ur.user_id  = #{id}
      ) temp
                 on temp.id = r.id
    where
      r.is_valid = 1
  </select>

  <!--多条件分页查询角色-->
  <select id="selectByParams" parameterType="com.yjxxt.crm.query.RoleQuery" resultType="com.yjxxt.crm.vo.Role">
    select <include refid="Base_Column_List"/>
    from t_role
    <where>
      is_valid=1
      <if test="null !=roleName and roleName !=''">
        and role_name =#{roleName}
      </if>
    </where>
  </select>

  <!--  /*通过名称查询角色数据*/-->
  <select id="queryRoleByRoleName" parameterType="string" resultType="role">
    select * from t_role where is_valid = 1 and role_name = #{roleName}
  </select>
</mapper>
