<?xml version="1.0" encoding="UTF-8" ?>
<!DOCTYPE mapper PUBLIC "-//mybatis.org//DTD Mapper 3.0//EN" "http://mybatis.org/dtd/mybatis-3-mapper.dtd" >
<mapper namespace="com.yjxxt.crm.dao.SupplierMapper" >
  <resultMap id="BaseResultMap" type="com.yjxxt.crm.vo.Supplier" >
    <id column="id" property="id" jdbcType="INTEGER" />
    <result column="ljno" property="ljno" jdbcType="VARCHAR" />
    <result column="name" property="name" jdbcType="VARCHAR" />
    <result column="area" property="area" jdbcType="VARCHAR" />
    <result column="manager" property="manager" jdbcType="VARCHAR" />
    <result column="level" property="level" jdbcType="VARCHAR" />
    <result column="myd" property="myd" jdbcType="VARCHAR" />
    <result column="xyd" property="xyd" jdbcType="VARCHAR" />
    <result column="address" property="address" jdbcType="VARCHAR" />
    <result column="money" property="money" jdbcType="VARCHAR" />
    <result column="phone" property="phone" jdbcType="VARCHAR" />
    <result column="fax" property="fax" jdbcType="VARCHAR" />
    <result column="web_site" property="webSite" jdbcType="VARCHAR" />
    <result column="yyzzzch" property="yyzzzch" jdbcType="VARCHAR" />
    <result column="fr" property="fr" jdbcType="VARCHAR" />
    <result column="zczj" property="zczj" jdbcType="VARCHAR" />
    <result column="nyye" property="nyye" jdbcType="VARCHAR" />
    <result column="khyh" property="khyh" jdbcType="VARCHAR" />
    <result column="kucun" property="kucun" jdbcType="VARCHAR" />
    <result column="state" property="state" jdbcType="INTEGER" />
    <result column="is_valid" property="isValid" jdbcType="INTEGER" />
    <result column="create_date" property="createDate" jdbcType="TIMESTAMP" />
    <result column="update_date" property="updateDate" jdbcType="TIMESTAMP" />
  </resultMap>
  <sql id="Base_Column_List" >
    id, ljno, name, area, manager, level, myd, xyd, address, money, phone, fax, web_site, 
    yyzzzch, fr, zczj, nyye, khyh, kucun, state, is_valid, create_date, update_date
  </sql>
  <select id="selectByPrimaryKey" resultMap="BaseResultMap" parameterType="java.lang.Integer" >
    select 
    <include refid="Base_Column_List" />
    from t_supplier
    where id = #{id,jdbcType=INTEGER}
  </select>
  <delete id="deleteByPrimaryKey" parameterType="java.lang.Integer" >
    delete from t_supplier
    where id = #{id,jdbcType=INTEGER}
  </delete>
  <insert id="insert" parameterType="com.yjxxt.crm.vo.Supplier" >
    insert into t_supplier (id, ljno, name, 
      area, manager, level, 
      myd, xyd, address, 
      money, phone, fax, 
      web_site, yyzzzch, fr, 
      zczj, nyye, khyh, kucun, 
      state, is_valid, create_date, 
      update_date)
    values (#{id,jdbcType=INTEGER}, #{ljno,jdbcType=VARCHAR}, #{name,jdbcType=VARCHAR}, 
      #{area,jdbcType=VARCHAR}, #{manager,jdbcType=VARCHAR}, #{level,jdbcType=VARCHAR}, 
      #{myd,jdbcType=VARCHAR}, #{xyd,jdbcType=VARCHAR}, #{address,jdbcType=VARCHAR}, 
      #{money,jdbcType=VARCHAR}, #{phone,jdbcType=VARCHAR}, #{fax,jdbcType=VARCHAR}, 
      #{webSite,jdbcType=VARCHAR}, #{yyzzzch,jdbcType=VARCHAR}, #{fr,jdbcType=VARCHAR}, 
      #{zczj,jdbcType=VARCHAR}, #{nyye,jdbcType=VARCHAR}, #{khyh,jdbcType=VARCHAR}, #{kucun,jdbcType=VARCHAR}, 
      #{state,jdbcType=INTEGER}, #{isValid,jdbcType=INTEGER}, #{createDate,jdbcType=TIMESTAMP}, 
      #{updateDate,jdbcType=TIMESTAMP})
  </insert>
  <insert id="insertSelective" parameterType="com.yjxxt.crm.vo.Supplier" >
    insert into t_supplier
    <trim prefix="(" suffix=")" suffixOverrides="," >
      <if test="id != null" >
        id,
      </if>
      <if test="ljno != null" >
        ljno,
      </if>
      <if test="name != null" >
        name,
      </if>
      <if test="area != null" >
        area,
      </if>
      <if test="manager != null" >
        manager,
      </if>
      <if test="level != null" >
        level,
      </if>
      <if test="myd != null" >
        myd,
      </if>
      <if test="xyd != null" >
        xyd,
      </if>
      <if test="address != null" >
        address,
      </if>
      <if test="money != null" >
        money,
      </if>
      <if test="phone != null" >
        phone,
      </if>
      <if test="fax != null" >
        fax,
      </if>
      <if test="webSite != null" >
        web_site,
      </if>
      <if test="yyzzzch != null" >
        yyzzzch,
      </if>
      <if test="fr != null" >
        fr,
      </if>
      <if test="zczj != null" >
        zczj,
      </if>
      <if test="nyye != null" >
        nyye,
      </if>
      <if test="khyh != null" >
        khyh,
      </if>
      <if test="kucun != null" >
        kucun,
      </if>
      <if test="state != null" >
        state,
      </if>
      <if test="isValid != null" >
        is_valid,
      </if>
      <if test="createDate != null" >
        create_date,
      </if>
      <if test="updateDate != null" >
        update_date,
      </if>
    </trim>
    <trim prefix="values (" suffix=")" suffixOverrides="," >
      <if test="id != null" >
        #{id,jdbcType=INTEGER},
      </if>
      <if test="ljno != null" >
        #{ljno,jdbcType=VARCHAR},
      </if>
      <if test="name != null" >
        #{name,jdbcType=VARCHAR},
      </if>
      <if test="area != null" >
        #{area,jdbcType=VARCHAR},
      </if>
      <if test="manager != null" >
        #{manager,jdbcType=VARCHAR},
      </if>
      <if test="level != null" >
        #{level,jdbcType=VARCHAR},
      </if>
      <if test="myd != null" >
        #{myd,jdbcType=VARCHAR},
      </if>
      <if test="xyd != null" >
        #{xyd,jdbcType=VARCHAR},
      </if>
      <if test="address != null" >
        #{address,jdbcType=VARCHAR},
      </if>
      <if test="money != null" >
        #{money,jdbcType=VARCHAR},
      </if>
      <if test="phone != null" >
        #{phone,jdbcType=VARCHAR},
      </if>
      <if test="fax != null" >
        #{fax,jdbcType=VARCHAR},
      </if>
      <if test="webSite != null" >
        #{webSite,jdbcType=VARCHAR},
      </if>
      <if test="yyzzzch != null" >
        #{yyzzzch,jdbcType=VARCHAR},
      </if>
      <if test="fr != null" >
        #{fr,jdbcType=VARCHAR},
      </if>
      <if test="zczj != null" >
        #{zczj,jdbcType=VARCHAR},
      </if>
      <if test="nyye != null" >
        #{nyye,jdbcType=VARCHAR},
      </if>
      <if test="khyh != null" >
        #{khyh,jdbcType=VARCHAR},
      </if>
      <if test="kucun != null" >
        #{kucun,jdbcType=VARCHAR},
      </if>
      <if test="state != null" >
        #{state,jdbcType=INTEGER},
      </if>
      <if test="isValid != null" >
        #{isValid,jdbcType=INTEGER},
      </if>
      <if test="createDate != null" >
        #{createDate,jdbcType=TIMESTAMP},
      </if>
      <if test="updateDate != null" >
        #{updateDate,jdbcType=TIMESTAMP},
      </if>
    </trim>
  </insert>
  <update id="updateByPrimaryKeySelective" parameterType="com.yjxxt.crm.vo.Supplier" >
    update t_supplier
    <set >
      <if test="ljno != null" >
        ljno = #{ljno,jdbcType=VARCHAR},
      </if>
      <if test="name != null" >
        name = #{name,jdbcType=VARCHAR},
      </if>
      <if test="area != null" >
        area = #{area,jdbcType=VARCHAR},
      </if>
      <if test="manager != null" >
        manager = #{manager,jdbcType=VARCHAR},
      </if>
      <if test="level != null" >
        level = #{level,jdbcType=VARCHAR},
      </if>
      <if test="myd != null" >
        myd = #{myd,jdbcType=VARCHAR},
      </if>
      <if test="xyd != null" >
        xyd = #{xyd,jdbcType=VARCHAR},
      </if>
      <if test="address != null" >
        address = #{address,jdbcType=VARCHAR},
      </if>
      <if test="money != null" >
        money = #{money,jdbcType=VARCHAR},
      </if>
      <if test="phone != null" >
        phone = #{phone,jdbcType=VARCHAR},
      </if>
      <if test="fax != null" >
        fax = #{fax,jdbcType=VARCHAR},
      </if>
      <if test="webSite != null" >
        web_site = #{webSite,jdbcType=VARCHAR},
      </if>
      <if test="yyzzzch != null" >
        yyzzzch = #{yyzzzch,jdbcType=VARCHAR},
      </if>
      <if test="fr != null" >
        fr = #{fr,jdbcType=VARCHAR},
      </if>
      <if test="zczj != null" >
        zczj = #{zczj,jdbcType=VARCHAR},
      </if>
      <if test="nyye != null" >
        nyye = #{nyye,jdbcType=VARCHAR},
      </if>
      <if test="khyh != null" >
        khyh = #{khyh,jdbcType=VARCHAR},
      </if>
      <if test="kucun != null" >
        kucun = #{kucun,jdbcType=VARCHAR},
      </if>
      <if test="state != null" >
        state = #{state,jdbcType=INTEGER},
      </if>
      <if test="isValid != null" >
        is_valid = #{isValid,jdbcType=INTEGER},
      </if>
      <if test="createDate != null" >
        create_date = #{createDate,jdbcType=TIMESTAMP},
      </if>
      <if test="updateDate != null" >
        update_date = #{updateDate,jdbcType=TIMESTAMP},
      </if>
    </set>
    where id = #{id,jdbcType=INTEGER}
  </update>
  <update id="updateByPrimaryKey" parameterType="com.yjxxt.crm.vo.Supplier" >
    update t_supplier
    set ljno = #{ljno,jdbcType=VARCHAR},
      name = #{name,jdbcType=VARCHAR},
      area = #{area,jdbcType=VARCHAR},
      manager = #{manager,jdbcType=VARCHAR},
      level = #{level,jdbcType=VARCHAR},
      myd = #{myd,jdbcType=VARCHAR},
      xyd = #{xyd,jdbcType=VARCHAR},
      address = #{address,jdbcType=VARCHAR},
      money = #{money,jdbcType=VARCHAR},
      phone = #{phone,jdbcType=VARCHAR},
      fax = #{fax,jdbcType=VARCHAR},
      web_site = #{webSite,jdbcType=VARCHAR},
      yyzzzch = #{yyzzzch,jdbcType=VARCHAR},
      fr = #{fr,jdbcType=VARCHAR},
      zczj = #{zczj,jdbcType=VARCHAR},
      nyye = #{nyye,jdbcType=VARCHAR},
      khyh = #{khyh,jdbcType=VARCHAR},
      kucun = #{kucun,jdbcType=VARCHAR},
      state = #{state,jdbcType=INTEGER},
      is_valid = #{isValid,jdbcType=INTEGER},
      create_date = #{createDate,jdbcType=TIMESTAMP},
      update_date = #{updateDate,jdbcType=TIMESTAMP}
    where id = #{id,jdbcType=INTEGER}
  </update>

  <!--多条件查询-->
  <select id="selectByParams" resultType="com.yjxxt.crm.vo.Supplier" parameterType="com.yjxxt.crm.query.SupplierQuery">
    select *
    from
    t_supplier
    <where>
      is_valid = 1
      <if test="name != null and name != ''">
        and name like concat('%',#{name},'%')
      </if>
      <if test="ljno != null and ljno != ''">
        and ljno = #{ljno}
      </if>
      <if test="level != null and level != ''">
        and level = #{level}
      </if>
    </where>
  </select>
  <update id="updateKucun" parameterType="com.yjxxt.crm.vo.Supplier" >
    update t_supplier
    <set >
        kucun = kucun + #{kucun,jdbcType=VARCHAR}
    </set>
    where id = #{id,jdbcType=INTEGER}
  </update>


</mapper>