<?xml version="1.0" encoding="UTF-8" ?>
<!DOCTYPE mapper PUBLIC "-//mybatis.org//DTD Mapper 3.0//EN" "http://mybatis.org/dtd/mybatis-3-mapper.dtd" >
<mapper namespace="com.yjxxt.crm.dao.SupplierOrderMapper" >
  <resultMap id="BaseResultMap" type="com.yjxxt.crm.vo.SupplierOrder" >
    <id column="id" property="id" jdbcType="INTEGER" />
    <result column="su_id" property="suId" jdbcType="INTEGER" />
    <result column="order_no" property="orderNo" jdbcType="VARCHAR" />
    <result column="order_date" property="orderDate" jdbcType="TIMESTAMP" />
    <result column="address" property="address" jdbcType="VARCHAR" />
    <result column="state" property="state" jdbcType="INTEGER" />
    <result column="create_date" property="createDate" jdbcType="TIMESTAMP" />
    <result column="update_date" property="updateDate" jdbcType="TIMESTAMP" />
    <result column="is_valid" property="isValid" jdbcType="INTEGER" />
  </resultMap>
  <sql id="Base_Column_List" >
    id, su_id, order_no, order_date, address, state, create_date, update_date, is_valid
  </sql>
  <select id="selectByPrimaryKey" resultMap="BaseResultMap" parameterType="java.lang.Integer" >
    select 
    <include refid="Base_Column_List" />
    from t_supplier_order
    where id = #{id,jdbcType=INTEGER}
  </select>
  <delete id="deleteByPrimaryKey" parameterType="java.lang.Integer" >
    delete from t_supplier_order
    where id = #{id,jdbcType=INTEGER}
  </delete>
  <insert id="insert" parameterType="com.yjxxt.crm.vo.SupplierOrder" >
    insert into t_supplier_order (id, su_id, order_no, 
      order_date, address, state, 
      create_date, update_date, is_valid
      )
    values (#{id,jdbcType=INTEGER}, #{suId,jdbcType=INTEGER}, #{orderNo,jdbcType=VARCHAR}, 
      #{orderDate,jdbcType=TIMESTAMP}, #{address,jdbcType=VARCHAR}, #{state,jdbcType=INTEGER}, 
      #{createDate,jdbcType=TIMESTAMP}, #{updateDate,jdbcType=TIMESTAMP}, #{isValid,jdbcType=INTEGER}
      )
  </insert>
  <insert id="insertSelective" parameterType="com.yjxxt.crm.vo.SupplierOrder" >
    insert into t_supplier_order
    <trim prefix="(" suffix=")" suffixOverrides="," >
      <if test="id != null" >
        id,
      </if>
      <if test="suId != null" >
        su_id,
      </if>
      <if test="orderNo != null" >
        order_no,
      </if>
      <if test="orderDate != null" >
        order_date,
      </if>
      <if test="address != null" >
        address,
      </if>
      <if test="state != null" >
        state,
      </if>
      <if test="createDate != null" >
        create_date,
      </if>
      <if test="updateDate != null" >
        update_date,
      </if>
      <if test="isValid != null" >
        is_valid,
      </if>
    </trim>
    <trim prefix="values (" suffix=")" suffixOverrides="," >
      <if test="id != null" >
        #{id,jdbcType=INTEGER},
      </if>
      <if test="suId != null" >
        #{suId,jdbcType=INTEGER},
      </if>
      <if test="orderNo != null" >
        #{orderNo,jdbcType=VARCHAR},
      </if>
      <if test="orderDate != null" >
        #{orderDate,jdbcType=TIMESTAMP},
      </if>
      <if test="address != null" >
        #{address,jdbcType=VARCHAR},
      </if>
      <if test="state != null" >
        #{state,jdbcType=INTEGER},
      </if>
      <if test="createDate != null" >
        #{createDate,jdbcType=TIMESTAMP},
      </if>
      <if test="updateDate != null" >
        #{updateDate,jdbcType=TIMESTAMP},
      </if>
      <if test="isValid != null" >
        #{isValid,jdbcType=INTEGER},
      </if>
    </trim>
  </insert>
  <update id="updateByPrimaryKeySelective" parameterType="com.yjxxt.crm.vo.SupplierOrder" >
    update t_supplier_order
    <set >
      <if test="suId != null" >
        su_id = #{suId,jdbcType=INTEGER},
      </if>
      <if test="orderNo != null" >
        order_no = #{orderNo,jdbcType=VARCHAR},
      </if>
      <if test="orderDate != null" >
        order_date = #{orderDate,jdbcType=TIMESTAMP},
      </if>
      <if test="address != null" >
        address = #{address,jdbcType=VARCHAR},
      </if>
      <if test="state != null" >
        state = #{state,jdbcType=INTEGER},
      </if>
      <if test="createDate != null" >
        create_date = #{createDate,jdbcType=TIMESTAMP},
      </if>
      <if test="updateDate != null" >
        update_date = #{updateDate,jdbcType=TIMESTAMP},
      </if>
      <if test="isValid != null" >
        is_valid = #{isValid,jdbcType=INTEGER},
      </if>
    </set>
    where id = #{id,jdbcType=INTEGER}
  </update>
  <update id="updateByPrimaryKey" parameterType="com.yjxxt.crm.vo.SupplierOrder" >
    update t_supplier_order
    set su_id = #{suId,jdbcType=INTEGER},
      order_no = #{orderNo,jdbcType=VARCHAR},
      order_date = #{orderDate,jdbcType=TIMESTAMP},
      address = #{address,jdbcType=VARCHAR},
      state = #{state,jdbcType=INTEGER},
      create_date = #{createDate,jdbcType=TIMESTAMP},
      update_date = #{updateDate,jdbcType=TIMESTAMP},
      is_valid = #{isValid,jdbcType=INTEGER}
    where id = #{id,jdbcType=INTEGER}
  </update>

 <!-- 多条件分页查询 -->
  <select id="selectByParams" parameterType="com.yjxxt.crm.query.SupplierOrderQuery" resultType="com.yjxxt.crm.vo.SupplierOrder">
        select
            <include refid="Base_Column_List"></include>
         from
            t_supplier_order
        <where>
          is_valid =1
        <if test="suId != null">
            and su_id = #{suId}
        </if>
        </where>
  </select>
</mapper>