<?xml version="1.0" encoding="UTF-8" ?>
<!DOCTYPE mapper PUBLIC "-//mybatis.org//DTD Mapper 3.0//EN" "http://mybatis.org/dtd/mybatis-3-mapper.dtd" >
<mapper namespace="com.yjxxt.crm.dao.UserMapper" >
  <resultMap id="BaseResultMap" type="com.yjxxt.crm.vo.User" >
    <id column="id" property="id" jdbcType="INTEGER" />
    <result column="user_name" property="userName" jdbcType="VARCHAR" />
    <result column="user_pwd" property="userPwd" jdbcType="VARCHAR" />
    <result column="true_name" property="trueName" jdbcType="VARCHAR" />
    <result column="email" property="email" jdbcType="VARCHAR" />
    <result column="phone" property="phone" jdbcType="VARCHAR" />
    <result column="is_valid" property="isValid" jdbcType="INTEGER" />
    <result column="create_date" property="createDate" jdbcType="TIMESTAMP" />
    <result column="update_date" property="updateDate" jdbcType="TIMESTAMP" />
  </resultMap>
  <sql id="Base_Column_List" >
    id, user_name, user_pwd, true_name, email, phone, is_valid, create_date, update_date
  </sql>
  <select id="selectByPrimaryKey" resultMap="BaseResultMap" parameterType="java.lang.Integer" >
    select 
    <include refid="Base_Column_List" />
    from t_user
    where id = #{id,jdbcType=INTEGER}
  </select>
  <delete id="deleteByPrimaryKey" parameterType="java.lang.Integer" >
    delete from t_user
    where id = #{id,jdbcType=INTEGER}
  </delete>
  <insert id="insert" parameterType="com.yjxxt.crm.vo.User" >
    insert into t_user (id, user_name, user_pwd, 
      true_name, email, phone, 
      is_valid, create_date, update_date
      )
    values (#{id,jdbcType=INTEGER}, #{userName,jdbcType=VARCHAR}, #{userPwd,jdbcType=VARCHAR}, 
      #{trueName,jdbcType=VARCHAR}, #{email,jdbcType=VARCHAR}, #{phone,jdbcType=VARCHAR}, 
      #{isValid,jdbcType=INTEGER}, #{createDate,jdbcType=TIMESTAMP}, #{updateDate,jdbcType=TIMESTAMP}
      )
  </insert>
  <insert id="insertSelective" parameterType="com.yjxxt.crm.vo.User" >
    insert into t_user
    <trim prefix="(" suffix=")" suffixOverrides="," >
      <if test="id != null" >
        id,
      </if>
      <if test="userName != null" >
        user_name,
      </if>
      <if test="userPwd != null" >
        user_pwd,
      </if>
      <if test="trueName != null" >
        true_name,
      </if>
      <if test="email != null" >
        email,
      </if>
      <if test="phone != null" >
        phone,
      </if>
      <if test="isValid != null" >
        is_valid,
      </if>
      <if test="createDate != null" >
        create_date,
      </if>
      <if test="updateDate != null" >
        update_date,
      </if>
    </trim>
    <trim prefix="values (" suffix=")" suffixOverrides="," >
      <if test="id != null" >
        #{id,jdbcType=INTEGER},
      </if>
      <if test="userName != null" >
        #{userName,jdbcType=VARCHAR},
      </if>
      <if test="userPwd != null" >
        #{userPwd,jdbcType=VARCHAR},
      </if>
      <if test="trueName != null" >
        #{trueName,jdbcType=VARCHAR},
      </if>
      <if test="email != null" >
        #{email,jdbcType=VARCHAR},
      </if>
      <if test="phone != null" >
        #{phone,jdbcType=VARCHAR},
      </if>
      <if test="isValid != null" >
        #{isValid,jdbcType=INTEGER},
      </if>
      <if test="createDate != null" >
        #{createDate,jdbcType=TIMESTAMP},
      </if>
      <if test="updateDate != null" >
        #{updateDate,jdbcType=TIMESTAMP},
      </if>
    </trim>
  </insert>
  <update id="updateByPrimaryKeySelective" parameterType="com.yjxxt.crm.vo.User" >
    update t_user
    <set >
      <if test="userName != null" >
        user_name = #{userName,jdbcType=VARCHAR},
      </if>
      <if test="userPwd != null" >
        user_pwd = #{userPwd,jdbcType=VARCHAR},
      </if>
      <if test="trueName != null" >
        true_name = #{trueName,jdbcType=VARCHAR},
      </if>
      <if test="email != null" >
        email = #{email,jdbcType=VARCHAR},
      </if>
      <if test="phone != null" >
        phone = #{phone,jdbcType=VARCHAR},
      </if>
      <if test="isValid != null" >
        is_valid = #{isValid,jdbcType=INTEGER},
      </if>
      <if test="createDate != null" >
        create_date = #{createDate,jdbcType=TIMESTAMP},
      </if>
      <if test="updateDate != null" >
        update_date = #{updateDate,jdbcType=TIMESTAMP},
      </if>
    </set>
    where id = #{id,jdbcType=INTEGER}
  </update>
  <update id="updateByPrimaryKey" parameterType="com.yjxxt.crm.vo.User" >
    update t_user
    set user_name = #{userName,jdbcType=VARCHAR},
      user_pwd = #{userPwd,jdbcType=VARCHAR},
      true_name = #{trueName,jdbcType=VARCHAR},
      email = #{email,jdbcType=VARCHAR},
      phone = #{phone,jdbcType=VARCHAR},
      is_valid = #{isValid,jdbcType=INTEGER},
      create_date = #{createDate,jdbcType=TIMESTAMP},
      update_date = #{updateDate,jdbcType=TIMESTAMP}
    where id = #{id,jdbcType=INTEGER}
  </update>
  <select id="queryUserByUserName" parameterType="String" resultType="com.yjxxt.crm.vo.User">
    select <include refid="Base_Column_List" />
    from t_user
     where user_name =#{userName}
  </select>
  <select id="queryUserByParams" parameterType="com.yjxxt.crm.query.UserQuery" resultType="user">
    select
    *
    from t_user
    <where>
      is_valid = 1
      <if test="userName != null and userName != ''">
        and user_name like concat('%',#{userName},'%')
      </if>
      <if test="email != null and email != ''">
        and email like concat('%',#{email},'%')
      </if>
      <if test="phone != null and phone != ''">
        and phone like concat('%',#{phone},'%')
      </if>
    </where>
  </select>
  <!--批量删除-->
  <update id="deleteUsers">
    update
    t_user
    set
    is_valid = 0
    where
    id in
    <foreach collection="array" open="(" close=")" item="id" separator=",">
      #{id}
    </foreach>
  </update>
</mapper>
